,annotation,GRNTI
0,"Рассматриваются аспекты и параметры алгоритма полуглобального стереосопоставления, к которым возможно применение оптимизации с целью уменьшения количества выполняемых операций и увеличения количества кадров карты диспаратностей, генерируемых алгоритмом в единицу времени. Приводятся два возможных способа увеличения производительности, их недостатки и достоинства, результаты выполнения стереоалгоритма с применением данных способов на тестовых данных, а также сравнительный анализ величин ошибочно вычисленных диспаратностей.",50. Автоматика. Вычислительная техника
1,"Преодолена итерационная процедура решения транспортной задачи, в которой спрос на товар является случайной величиной и известна плотность распределения. Полученный в результате план транспортировки минимизирует суммарную стоимость перевозок, а также затраты на хранение и штраф за дефицит товара.",73. Транспорт
2,"Статья посвящена рассмотрению методов управления экологическим риском как средства улучшения природоохранной деятельности. Рассмотрены виды экологического риска, методы оценки и прогнозирования экологических рисков промышленных предприятий.",06. Экономика. Экономические науки
3,"Впервые используется теорема Геделя о неполноте при идентификации структуры стали. Для частичного устранения неполноты утверждения о возможной самоорганизации системы неживой природы, разновидности металлов, применяется принцип внешнего дополнения Бира",27.43. Математика / Теория вероятностей и математическая статистика
4,"В 1880-1892 гг. в Якутской области в политической ссылке побывал польский писатель и этнограф В.Л. Серошевский. В 1896 г. он издал монографию «Якуты. Опыт этнографического исследования» - энциклопедический труд по этнографии якутов конца XIX в. В нем он одним из первых обратил внимание героическому эпосу (олонхо) якутов, выделил его из жанров устного народного творчества, описал искусство олонхосутов (сказителей), предположил южно-сибирское происхождение якутского эпоса, отметил его общекультурное значение. Многие положения и выводы этнографа используются в якутском эпосоведении по сей день.",03.61. История. Исторические науки / Этнография и историческая антропология
5,Статья посвящена разработке модели и алгоритма решения задачи оптимизации многомерных параметрических рядов в интересах внедрения новых технических и технологических решений в перспективные образцы высокоточного оружия.,78. Военное дело
6,Рассматривается методический подход к оценке уровня угрозы возникновения функционального несоответствия при исполь- зовании информационной системы по совокупности отношений целевого назначения и отношений реализуемости.,50. Автоматика. Вычислительная техника
7,"В нашей работе для описания пластической деформации предлагается фильтрационный подход. Он получил широкое распространение в гидромеханике при изучении водонасыщенных грунтов, газовзвесей, суспензий и т.п. Такие системы моделируются двумя континуумами, то есть фазы фиктивно размазываются по всему объему, а их взаимодействие осуществляется путем обмена импульсом, массой, энергией и т.п.",29.19. Физика / Физика твердых тел
8,В статье рассматривается разработка базы данных информационно-аналитической системы для мониторинга состояния окружающей среды техногенных ландшафтов и прогнозирования сроков восстановления их биологической продуктивности.,87.15. Охрана окружающей среды. Экология человека / Загрязнение окружающей среды. Контроль загрязнения
9,"Исследуется влагосодержание поверхностного слоя почвы, определяемого на метеорологических станциях, с использованием спутника MetOp. Выбраны станции, находящиеся на территории США и входящие в наблюдательную сеть AmeriFlux. Станции расположены в различных климатических зонах, выделенных по типу растительности, согласно классификации IGBP. Период исследований - 2007-2012 гг. Оценка выполнена для различных типов подстилающих поверхностей. Данные спутниковых наблюдений приведены к прямым измерениям, проведена оценка точности измерений. Показана хорошая согласованность с реальными данными прямых измерений влажности, что позволяет использовать данные спутниковых измерений влажности почвы в системах усвоения данных для численных моделей прогноза погоды. Результаты могут быть использованы и для территории России с аналогичными подстилающими поверхностями.",37.21. Геофизика / Метеорология
10,"В работе представлены новые антибактериальные свойства гелей оксигидратов d- и f-элементов на фоне включений углерода. Антимикробную активность гелей оксигидратов циркония, железа, алюминия и иттрия можно использовать в антибактериальных бинтах нового поколения, в процессах водоподготовки и водоочистки. Отмечены следующие преимущества антибактериальных бинтов на основе оксигидратов железа и алюминия: нанокластерное антибактериальное воздействие ощутимо через 50 мин; погибает вся патогенная микрофлора; адсорбирующее, впитывающее, очищающее, дезодорирующее гелевое воздействие.",31. Химия
11,"Одноразовый амперометрический биосенсор молочной кислоты был сконструирован на основе иммобилизации фермента лактатдегидрогеназы (ЛДГ) и ее кофактора никотинамидадениндинуклеотида (НАД) с использованием мембраны из ацетата целлюлозы (ЦА), отлитой in situ. Эти компоненты наносили на угольный электрод, напечатанный трафаретной печатью, содержащий 2% Meldola's Blue (по весу углерода). Конструкция сенсора была оптимизирована, окончательный биосенсор содержал 10 ед. ЛДГ, 60 мкг НАД+ и использовал мембрану, отлитую из 1% раствора СА. Установлено, что оптимальным раствором для измерения лактата является 0,5 моль дм-3 фосфатного буфера, рН 8. Оптимальная температура 32°С. Было обнаружено, что относительное стандартное отклонение для одной партии электродов составляет 8,7%.",31. Химия
12,"Разработан биферментный электрод на основе усиления сигнала, позволяющий определять пико- и наномолярные концентрации п-аминофенола. Активный элемент датчика состоит из совместно иммобилизованных ферментов лакказы и глюкозодегидрогеназы, соединенных с кислородным электродом. Лакказа катализирует окисление п-аминофенола кислородом с образованием п-иминохинона. Последний восстанавливается избытком глюкозы в присутствии глюкозодегидрогеназы и приводит к рециркуляции субстрата. Обнаружение осуществляется путем измерения снижения концентрации кислорода. Предел обнаружения п-аминофенола составляет 100 пМ. Показана возможность определения ряда других субстратов (полифенолов, полиаминов, производных ферроцена) в наномолярном диапазоне. Значительный фоновый сигнал был обнаружен для п-аминофенилфосфата. Этот фон, вероятно, обусловлен способностью лакказы катализировать окислительное дефосфорилирование. В присутствии фосфат-ионов этот фон практически полностью устраняется. 50 пМ щелочной фосфатазы можно было определить после 2-минутной инкубации в растворе п-аминофенилфосфата по определению образующегося в результате гидролиза п-аминофенола. Время всего анализа не превышает 5 мин. Новая методика пригодна для применения в иммуноферментных анализах на основе щелочной фосфатазы.",31. Химия
13,"Описан чрезвычайно селективный биосенсор лактата, основанный на иммобилизации лактатоксидазы в углеродной пасте с диспергированным родием. Эффективное каталитическое действие микрочастиц родия по отношению к генерируемой перекиси водорода или потребленному кислороду позволяет настраивать рабочий потенциал в области, в которой предотвращаются нежелательные реакции. Вклад всех основных легко окисляемых веществ устраняется без необходимости использования мембранных барьеров или искусственных электронных посредников. Предел обнаружения составляет 1,5 х 10-5 М, а время отклика — 8 с. Проиллюстрирована быстрая и чувствительная операция нагнетания потока.",31. Химия
14,"Для двусторонних данных (данных, полученных с помощью так называемых методов с дефисом) было разработано несколько методов количественного определения аналитов. Одним из наиболее известных методов является ранговый факторный анализ (RAFA). Однако эффект, наблюдаемый в хроматографических данных, серьезно снижает удобство использования этого метода. Как и любой другой метод, основанный на использовании стандартов, RAFA не может правильно оценить концентрацию при наличии сдвигов во времени удерживания. Следовательно, необходим метод коррекции сдвига времени удерживания. Неравенство Бесселя можно использовать для корректировки смещения времени удерживания данных относительно стандартов. Затем RAFA можно использовать для оценки концентраций с высокой степенью точности. Эта процедура продемонстрирована на четырех наборах данных различной сложности, и было обнаружено, что она превосходно работает для всех наборов.",31.19. Химия / Аналитическая химия
15,"Представлено исследование экстракционного извлечения соединений бутилолова в отложениях с помощью сверхкритической флюидной экстракции (СФЭ). Достигнуто удовлетворительное извлечение для TBT (93,5 +/- 3,7%) и DBT (91,5 +/- 3%). Извлечение МБТ из обогащенных отложений (62 ± 5,1%) является самым высоким значением, достигнутым на сегодняшний день методом SFE. Представлено сравнение сверхкритической флюидной экстракции с усовершенствованным методом экстракции трополоновым растворителем для соединений бутилолова. Также приведены результаты анализа эталонного осадка (PACS-1).",31. Химия
16,"Медь можно определить спектрофотометрически при 600 нм на основе реакции меди(II) и бис(циклогексанон)оксалилдигидразона с использованием проточно-инжекционного анализа. Поток-носитель представлял собой дистиллированную воду, а потоки реагентов представляли собой 27% (масса/объем) раствор лимонной кислоты, 37% (масса/объем) раствор аммиака и 0,18% (масса/объем) раствор бис(циклогексанон)оксалилдигидразона. Градуировочный график был линейным до 20 мкг мл-1 меди, относительное стандартное отклонение для определения 5 мкг мл-1 меди составило 0,92% (n = 10), предел обнаружения 0,13 мкг мл-1 меди, оба исходя из объема инъекции 250 мкл. Система применялась для определения содержания меди в сталях, сплавах на основе меди и кормах для свиней, а также для мониторинга содержания меди в процессе удаления щелочной накипи.",31.19. Химия / Аналитическая химия
17,"Спектры поглощения хлорпромазина и промазина в присутствии двухслойных везикул лецитина (яичного желтка) измеряли относительно эталонных растворов, содержащих такое же количество только везикул лецитина, и спектры их вторых производных получали методом Савицкого-Голея. Эффекты остаточного фонового сигнала от лецитиновых везикул, наблюдаемые в спектрах поглощения, были полностью устранены, и оба препарата четко демонстрировали три производные изобестические точки. Производное изменение интенсивности (ΔD), вызванное добавлением лецитиновых везикул, измеряли при λmax каждого лекарственного средства, и из зависимости между значением ΔD и концентрацией липидов рассчитывали коэффициенты распределения (Kps). Доли разделенных хлорпромазина и промазина, рассчитанные с использованием полученных значений Kp, хорошо согласуются с экспериментальными значениями. Для препаратов, имеющих характер метахромазии между липидными везикулами и водой, и даже у которых полосы поглощения перекрываются с фоновыми сигналами липидных везикул, предложенный метод может быть применен к определению их коэффициентов распределения без нарушения условий равновесия путем разделительные процедуры.",31. Химия
18,"Исследовано флуориметрическое определение ионов ртути с 5,10,15,20-тетра(п-сульфонатофенил)порфирином в водных растворах и в легированных порфирином золь-гель пленках. Оптимизация условий комплексообразования, таких как буферные компоненты, диапазон рН и температура, привела к созданию метода, позволяющего определять ионы ртути в водных растворах в течение 15 мин с пределом обнаружения 1,4 мкг/л Hg(II). Установлено, что основными мешающими ионами являются Cd, Zn и Pb. Для разработки оптохимического сенсорного устройства производное порфирина было иммобилизовано в тонких золь-гель пленках (толщиной около 600 нм) и изучены сенсорные свойства (т.е. реакционная способность, стабильность и морфология чувствительных слоев). Было обнаружено, что тип используемого катализатора (кислотный или щелочной) влияет на стабильность и чувствительность. Сенсорные пленки, приготовленные с использованием кислоты, были стабильны и нечувствительны к ртути. Получение пленок с щелочным катализом приводило к получению чувствительных к ртути слоев с ограниченной стабильностью. Стабильность можно улучшить за счет ковалентного связывания реагента-красителя.",31. Химия
19,"Описан новый и быстрый метод предварительного концентрирования и разделения матриц в режиме реального времени для определения алюминия с помощью пламенной атомно-абсорбционной спектрометрии (ПААС) и масс-спектрометрии с индуктивно-связанной плазмой (ИСП-МС). Метод основан на селективном удерживании алюминия в микроколонке, заполненной Хромотропом 2Б, иммобилизованным на ионообменной смоле АГ 1-Х8. Были исследованы все переменные, влияющие на эффективность удержания и элюирования алюминия из микроколонки. Полученный метод является быстрым, чувствительным и селективным. Для времени сбора 10 и 2 мин при скорости потока 1 мл мин-1 пределы обнаружения составляют 10 и 0,1 нг мл-1 для FAAS и ИСП-МС соответственно. Предложенный метод, обладающий высокой чувствительностью и селективностью, успешно применен для определения алюминия в водопроводной воде и диализных растворах.",31.19. Химия / Аналитическая химия
20,"Низкотемпературный лазерный метод флуоресценции, то есть сужение линии флуоресценции (FLN), был использован для идентификации четырех стереоизомерных бензо[a]пиреновых тетролов, которые являются продуктами гидролиза аддуктов бензо[a]пирен-ДНК. Для получения «иммобилизованной» жидкостной хроматограммы использовали сочетание микрожидкостной хроматографии в обращенно-фазовом режиме (элюент: метанол-вода, 60:40, об./об.) и тонкослойной хроматографии с использованием пластин с силикагелем. Полученные таким образом хроматографические пики можно было идентифицировать с помощью спектроскопии FLN. С помощью FLN можно определить колебательные уровни первого возбужденного электронного состояния. Некоторые из этих колебаний существенно отличаются для рассматриваемых стереоизомеров, так что возможна однозначная спектроскопическая идентификация. Лазер на красителе с накачкой Nd:YAG был удвоен по частоте для получения длин волн возбуждения в диапазоне 360-368 нм. Флуоресценцию контролировали усиленным линейным матричным диодным детектором, установленным на монохроматоре с высокой разрешающей способностью. Пределы обнаружения полной системы разделения и идентификации находятся в диапазоне 100 фемтомолей.",29. Физика
21,"Разработан новый высокочувствительный жидкостный хроматографический метод определения ряда антибиотиков тетрациклинового ряда. Он основан на измерении флуоресценции, вызванной комплексообразованием тетрациклинов с катионом циркония, который добавляют после колонки к элюату жидкостной хроматографии. Концентрация циркониевого реагента и конфигурация после колонки были оптимизированы. Было изучено влияние времени на стабильность хелатов. Интенсивность флуоресценции была линейной в диапазоне концентраций 0,01-10 мкг/мл тетрациклина. Предлагаемый метод уже применялся для анализа остаточных количеств тетрациклина, окситетрациклина и хлортетрациклина в коровьем молоке. Наиболее поразительными преимуществами метода по сравнению с описанными в литературе являются более высокая чувствительность и специфичность. Пределы обнаружения анализа (отношение сигнал/шум = 4:1) составляли 1 нг/мл, 2 нг/мл и 4 нг/мл для окситетрациклина, тетрациклина и хлортетрациклина соответственно.",31. Химия
22,"Налидиксовая кислота и норфлоксацин были впервые определены в данной работе с применением кинетической методологии к реакциям комплексообразования с участием процессов переноса энергии. С использованием измерений начальной скорости разработан флуоресцентный метод, основанный на образовании комплексов этих соединений с тербием(III) в присутствии трис-буфера. Скорость образования этих комплексов очень высока, поэтому для проведения кинетических измерений требуется метод остановленного перемешивания, что, кроме того, позволяет автоматизировать метод. Второй лиганд, ЭДТА, также используется для снижения скорости реакции обеих систем посредством лигандного обмена, что необходимо для получения соответствующих кинетических данных. Скорость реакции достигается всего за 0,1-0,2 с после смешения реагентов, что позволяет легко применять предложенный метод для рутинных анализов. Калибровочный график является линейным в диапазоне концентраций налидиксовой кислоты 0,02–7,0 мкг мл-1 и норфлоксацина 0,4–9,0 мкг мл-1. Предел обнаружения налидиксовой кислоты и норфлоксацина составляет 0,006 и 0,13 мкг/мл соответственно. Также были изучены селективность и точность метода. Предложенный кинетический метод удовлетворительно применялся для прямого определения этих соединений в образцах сыворотки.",31. Химия
23,"Экспериментальные условия образования комплексов включения между карбазолом и эллиптицином и некоторыми циклодекстринами (ЦД): β-циклодекстрин (β-ЦД), гидроксипропил β-циклодекстрин (ГПβ-ЦД), (2,6-ди-О-метил)-β -циклодекстрин (DMβ-CD), (2,3,6-три-O-метил)-β-циклодекстрин (TMβ-CD) и γ-циклодекстрин (γ-CD). Заметное увеличение интенсивности флуоресценции молекул-хозяев наблюдается при комплексообразовании, что связано с защитой возбужденного состояния внутри полости циклодекстрина. Это позволяет проводить количественный анализ обоих соединений в водной среде при уровнях концентрации от 10-7 М до 10-6 М. Включение также влияет на равновесие депротонирования пиррольного азота обоих соединений. Таким образом, β-CD облегчает депротонирование карбазола, в то время как HPβ-CD, DMβ-CD, TMβ-CD и γ-CD затрудняют его. Аналогичные наблюдения были сделаны для эллиптичина, хотя его поведение было более сложным из-за сосуществования двух ионизационных равновесий из-за присутствия основного пиридиноподобного азота. Наконец, было также изучено влияние циклодекстринов на тушение флуоресценции, вызванное тяжелыми атомами галогена. В случае карбазола наблюдается статическое тушение, которому препятствуют модифицированные β-ЦД. В случае с эллиптицином эффект тушения был связан с кислотно-основным равновесием, поэтому его изучали в кислых (λex = 305 нм, λem = 520 нм) и основных (λex = 292 нм, λem = 430 нм) условиях. .",31. Химия
24,"В настоящей работе мы практически полностью завершим решение задачи об описании надгрупп подсистемной подгруппы E(Δ,R) группы Шевалле G(Φ,R) над кольцом R, где Φ - система корней с простыми связями, а Δ - ее достаточно большая подсистема. А именно, мы определим объекты, называемые уровнями, и покажем, что для любой такой надгруппы H существует единственный уровень σ, такой, что E(σ)≤H≤StabG(Φ,R)(Lmax(σ)), где E(σ) - элементарная подгруппа, связанная с уровнем σ, а Lmax(σ) - соответствующая подалгебра Ли в алгебре Шевалле. В отличии от предыдущих работ уровни могут быть устроены сложнее, чем сети идеалов.",27. Математика
25,"Приводится полная характеризация собственных замкнутых инвариантных подпространств оператора обобщенного обратного сдвига (оператора Поммье) в пространстве Фреше всех функций, голоморфных в односвязной области Ω комплексной плоскости, содержащей точку 0. В случае, когда порождающая этот оператор функция не имеет нулей в Ω, все такие подпространства являются конечномерными. Если дополнительно Ω совпадает со всей комплексной плоскостью, то рассматриваемый оператор обобщенного обратного сдвига является одноклеточным. Если эта функция имеет нули в Ω, то семейство упомянутых инвариантных подпространств распадается на два клаcса: первый состоит из конечномерных подпространств, а второй - из бесконечномерных.",27. Математика
26,"Доказана теорема, аналитически характеризующая шары в евклидовом пространстве Rm. Для этого вместо гармонических функций, использованных в предыдущих результатах, применяются положительные решения модифицированного уравнения Гельмгольца. Полученная в результате теорема типа Курана включает свойство среднего значения объема решений этого уравнения. Обсуждаются другие вероятные свойства обратного среднего значения этих решений.",27. Математика
27,"В работе установлено, что диэдральные гомологии инволютивных A∞-алгебр гомотопически инвариантны относительно гомотопических эквивалентностей инволютивных A∞-алгебр. Как следствие показано, что над любым полем диэдральные гомологии топологического пространства изоморфны диэдральным гомологиям инволютивной A∞-алгебры гомологий симплициальной группы петель Кана исходного топологического пространства.",27. Математика
28,"Для чисел Морса пространств матричных элементов вещественных неприводимых линейных представлений связных компактных простых групп Ли получены различные варианты верхних оценок в зависимости от размерности, индекса Дынкина представления, собственных значений биинвариантного оператора Лапласа и объёма группы.",27. Математика
29,"В работе построены теории суперхарактеров для конечных групп, полученных параболической контракцией из простых групп лиевских типов A,B,C,D. В терминах расстановок ладей в системах корней проведена классификация суперхарактеров и суперклассов.",27.17. Математика / Алгебра
30,"Рассмотрим систему полиномиальных уравнений от n переменных степени не больше d с целыми коэффициентами с длиной записи не больше M. Мы доказываем при помощи конструкции близкой к гладкой стратификации алгебраических многообразий, что можно построить соответствующее этой системе положительное целое число Δ<2M(nd)c2nn3 (здесь c>0 является константой), удовлетворяющее следующему свойству. Для всякого простого числа p рассматриваемая система имеет решение в кольце целых p-адических чисел в том и только в том случае, если она имеет решение по модулю pN для наименьшего целого числа N такого, что pN не делит Δ. Это улучшает известный ранее, ставший классическим, результат Б. Дж. Бёрча и К. МасКанна.",27. Математика
31,"В статье получено полное описание тех классов Карлемана на Rn, для которых из принадлежности граничных значений функции ограниченного вида в Cn+ следует её принадлежность классу Карлемана в Cn+∪Rn. Получено также уточнение классической теоремы Салинаса, а именно: в условиях теоремы Салинаса о квазианалитичности установлено, что в её условиях вместо принадлежности функции классу Карлемана в Cn+∪Rn, достаточно принадлежности граничных значений на Rn классу Карлемана, а сама функция имеет ограниченный вид в Cn+.",27.27. Математика / Теория функций комплексных переменных
32,"Устанавливается несколько первоначальных фактов о категории Eq отношений эквивалентности на множестве натуральных чисел, где морфизмом между двумя отношениями эквивалентности R,S является отображение из множества классов эквивалентности R во множество классов эквивалентности S, индуцированное вычислимой функцией. Рассматриваются некоторые полные подкатегории Eq, напр., категория Eq(Σ01) позитивных отношений эквивалентности, категория Eq(Π01) негативных отношений эквивалентности, и категория Eq(Dark∗), чьими объектами являются тёмные позитивные отношения и позитивные отношения, имеющие только конечное число классов эквивалентности. Хотя во всех этих категориях мономорфизмы совпадают с инъективными морфизмами, показывается, что в Eq(Σ01) эпиморфизмы совпадают с сюръективными морфизмами, но в Eq(Π01) существуют эпиморфизмы, не являющиеся сюръективными. Более того, Eq, Eq(Σ01) и Eq(Dark∗) замкнуты относительно конечных произведений, бинарных копроизведений и коуравнителей, но в Eq(Π01) найдётся пара морфизмов, чей коуравнитель в Eq не является объектом в Eq(Π01).",27. Математика
33,"Исчисление Ламбека с единицей можно определить как атомарную теорию (алгебраическую логику) класса моноидов с делениями. Это исчисление, как теория более широкого класса алгебр, чем гейтинговы алгебры, оказывается слабее интуиционистской логики, и в нём отсутствуют структурные правила перестановки, сокращения и ослабления. Рассматриваются расширения исчисления Ламбека модальностями~--- экспоненциалом, под знаком которого разрешены все структурные правила, и релевантной модальностью, под знаком которой разрешены только правила перестановки и сокращения. Исчисление Ламбека с релевантной модальностью применяется в математической лингвистике. Оба эти расширения алгоритмически неразрешимы. Рассматриваются их фрагменты, в которых модальность может применяться только к формулам хорновой глубины не более~1. Для этих фрагментов доказывается разрешимость и принадлежность классу {	extup{NP}}. Для доказательства, в случае релевантной модальности, вводится новое понятие R-тотальной выводимости в контекстно-свободных грамматиках - существование вывода, использующего каждое правило не менее определённого числа раз. Устанавливается {	extup{NP}}-полнота задачи R-тотальной выводимости для контекстно-свободных грамматик, а также выясняется сложность этой задачи для более общих классов порождающих грамматик.",27. Математика
34,"Устанавливаются необходимые и достаточные условия существования разложения Брюа для ковровой подгруппы группы Шевалле над полем, определяемой неприводимым замкнутым ковром аддитивных подгрупп. Оказывается, что ковровые подгруппы, допускающие разложение Брюа и отличные от групп Шевалле, исчерпываются группами, лежащими между группами Шевалле типа Bl, Cl, F4 или G2 над различными несовершенными полями исключительных характеристик 2 или соответственно 3, большее из которых является алгебраическим расширением меньшего поля.",27.17. Математика / Алгебра
35,"Классом Леви, порождённым классом групп M, называется класс всех групп, в которых нормальное замыкание каждого элемента принадлежит M. Даётся описание классов Леви, порождённых квазимногообразием Kps и некоторыми его подквазимногообразиями, где Kps - квазимногообразие групп с коммутантом экспоненты p, в которых элементы порядка степени p, меньшего ps, содержатся в центре группы, p - простое число, p≠2, s≥2 и s>2 при p=3.",27.17. Математика / Алгебра
36,"В данной статье представлен подход к моделированию миграционных и демографических процессов с использованием платформы FLAME GPU, предназначенной для крупномасштабного агент-ориентированного моделирования. Данный подход основан на ранее предложенной имитационной модели взаимодействия двух сообществ: мигрантов и коренных жителей, реализованной в системе AnyLogic. Такая модель имела относительно малую размерность дискретного пространства для существования популяций и детерминированную систему принятия решений каждого агента. Вместе с тем, наличие множественных взаимодействий между агентами и переходов между их состояниями обуславливает высокую вычислительную сложность подобной модели. Использование FLAME GPU позволило существенно расширить возможности проведения численных экспериментов, главным образом, за счет распараллеливания вычислительных процессов на уровне каждого агента и занимаемого им ресурса, а также реализации механизма множественных вычислений класса Монте-Карло. В результате исследованы зависимости ключевых характеристик рассматриваемой системы (в частности, общей численности населения, доли мигрантов, количества ассимилированных мигрантов, темпов роста ВВП и др.) от наиболее важных параметров модели (например, доли новых мигрантов, государственных расходов на интеграцию, периодичности создания новых рабочих мест и др.). Предложенный подход может быть использован для разработки систем поддержки принятия решений по планированию найма новых сотрудников на основе прогнозной динамики миграционных и демографических процессов.",06.39.21. Экономика. Экономические науки / Наука управления экономикой / Экономическая кибернетика
37,"В работе исследуются этапы процесса, ведущего к финансовому краху компании, с использованием байесовской сети в качестве инструмента моделирования, поскольку такой подход позволяет выявить причинно-следственные связи в профиле фирмы. Использованы общедоступные данные о французских, итальянских и российских фирмах, содержащие пять выборок, соответствующих периодам от одного года до пяти лет до момента наблюдения. Полученные результаты подтверждают, что существует разница между стадиями процесса, ведущего к банкротству. Для фирм, находящихся в начале длительного процесса (3-5 лет до дефолта), ключевым фактором, определяющим ликвидность, является кумулятивная прибыльность. По мере развития процесса, в среднесрочной перспективе (1-2 года до дефолта) для экономик с большей неопределенностью на первый план выходит способность обслуживать обязательства. Этот фактор ограничивает возможности получения прибыли, что приводит к дальнейшему развитию проблем. Существуют также национальные особенности, которые обусловлены, во-первых, уровнем экономического развития и, во-вторых, неопределенностью экономической политики.",00. Общественные науки в целом
38,"В последние 10 лет наблюдается взрывной рост объемов информации, размещаемых в сети интернет и цифровой экономики, формирование официальных баз данных различных государственных органов власти. Наличие большой информационной базы, открытой для исследования, способствует развитию новых методов и подходов к решению аналитических задач. Построение систем управления и поддержки принятия решений на основе использования объединенных в единое целое разрозненных открытых источников данных позволяет конечным пользователям принимать наиболее эффективные решения. Именно такой подход является основой для роста бизнеса компаний и повышения уровня зрелости управленческой деятельности на всех уровнях, альтернативы ему на данный момент нет. Такой подход, в конечном итоге, создает условия для дальнейшего роста экономики в целом. В работе предлагается информационно-логическая модель экспресс-анализа соответствия социально-экономического состояния предприятия нормативным требованиям со стороны контрольных и надзорных органов на основе открытой общедоступной информации. Выводы, сделанные на основе проведенного экспресс-анализа, служат обоснованием для принятия решения о необходимости более детального, углубленного анализа состояния отдельных предприятий.",06. Экономика. Экономические науки
39,"Сегодня дистрибьюторы обеспечивают функционирование всей цепочки создания стоимости в музыкальной индустрии. Большинство авторов изучает влияние технологий, стриминга и авторского права в контексте цифровизации, в то время как роли дистрибьюторов посвящено всего несколько исследований. Исходя из этого, в статье предложена методология по анализу роли дистрибьюторов, с помощью которой выявлены операционные процессы и изменения с ними связанные в результате цифровизации, а также барьеры и мероприятия по их преодолению. С помощью ретроспективного кейс-исследования, основанного на интервью с генеральным директором, в статье анализируется опыт российской компании в области музыкальной дистрибуции Broma16. В статье описаны цели трансформации бизнес-модели, драйверы, предпринятые шаги и их результаты. В работе выявлено четыре особенности цифровизации для дистрибуции музыки: дистрибьюторы являются скорее технологическими компаниями, чем музыкальными; дистрибьюция полагается на цифровые инструменты для управления и маркетинга; возникает больше возможностей для выхода на зарубежные рынки, но компаниям приходится создавать инновации новые для этих рынков; дистрибьюторы функционируют на пересечении правовых и технологических аспектов. Исследование основывается на теории изучения цифровой трансформации бизнес-моделей. Подобный подход может быть использован для исследования компаний в музыкальной и других креативных индустриях, проведения семинаров с представителями рынка. Работа представляет ценность для специалистов-практиков на развивающихся музыкальных рынках, например, в Бразилии, Аргентине и Мексике, благодаря обзору подходов к управлению в области цифровизации и последствий трансформации для дистрибьюторов.",00. Общественные науки в целом
40,"Продажи и маркетинг являются незаменимым отделом организации, который ведет к получению дохода и построению отношений с клиентами. Маркетинг — это процесс поиска потенциальных клиентов, а продажи — процесс превращения этих потенциальных клиентов в реальных клиентов. Поэтому крайне важно, чтобы маркетинг и продажи шли рука об руку. Разработка маркетинговых стратегий требует надлежащего исследования рынка, которое может охватывать соответствующие показатели, такие как демография, культура, покупательная способность, доход и многое другое. Процесс сегментации, таргетинга и позиционирования (STP) осуществляется для разработки стратегий маркетинга и продаж. STP осуществляется путем сбора маркетинговой информации. Для этого процесса также используются опросы, но до сих пор интеллектуальный анализ данных дает гораздо более эффективные и лучшие результаты. Организации склонны идти на риск из-за важности и актуальности отдела маркетинга и продаж. Большая часть бюджета в организациях выделяется на маркетинговую и рекламную деятельность. Для принятия основанных на данных и точных решений интеллектуальный анализ данных используется в различных областях для извлечения ценной информации и закономерностей. В этой статье обсуждается использование концепции интеллектуального анализа данных в маркетинге. Эта статья направлена ​​на анализ маркетинговых данных с помощью методов кластеризации интеллектуального анализа данных со средними значениями фунтов стерлингов и поиск взаимосвязи между методами кластеризации маркетинговых и интеллектуальных данных со средними значениями фунтов стерлингов.",00. Общественные науки в целом
41,"Загрязнение окружающей среды заставило правительства задуматься об экономии энергии и уменьшении загрязнения окружающей среды. Некоторые исследователи представили модели распределения ресурсов как многоцелевое линейное программирование (MOLP), чтобы уделить больше внимания энергосбережению и снижению загрязнения окружающей среды. Энергосбережение влияет как на желательные, так и на нежелательные результаты. В этой статье мы аргументируем неприменимость существующих моделей для снижения нежелательных результатов за счет энергосбережения. Целью этой статьи является разработка модели, основанной на анализе охвата данных (DEA), которая приведет к снижению загрязнения за счет энергосбережения. Кроме того, поскольку нежелательный результат рассматривается как функция от общего количества желательных результатов, при необходимости изменения следует применять к общим желательным результатам, и нет необходимости уменьшать каждый желательный результат по отдельности. Наконец, модель, предложенная на основе целевого программирования (ЗП), используется в 20 различных регионах Китая. Результаты, полученные с помощью этой модели, показывают, что доля сокращения общих выбросов загрязняющих веществ в окружающую среду на экономию энергии была больше, чем доля сокращения общих желаемых результатов.",00. Общественные науки в целом
42,"Изучение гемоглобина и описание его оксигенации, разработанные для этого термодинамические и математические модели позволили биофизике сделать огромный шаг вперед, а предложенные уравнения, в частности, уравнение Хилла, оказали влияние на развитие науки в самых разных областях. Гемоглобин с его аллостерическим характером регуляции связывания кислорода и других лигандов послужил моделью для огромного числа молекулярно-биологических систем. В обзоре основное внимание уделяется формальному описанию связывания гемоглобином кислорода, рассмотрены основные математические модели, развитые в этой области. Эволюция моделей связывания прослеживается от подходов Хилла и Эдера, Моно-Уаймена-Шанжё и Кошланда-Немети-Филмера до современных воззрений. Особое внимание уделено разным формальным подходам и представлениям к описанию оксигенации как явлению физической адсорбции.",34. Биология
43,"Суммированы экспериментальные данные, свидетельствующие о способности динитрозильных комплексов железа выступать в качестве доноров не только молекулярного оксида азота (NO), но и катионов нитрозония (NO+). При нейтральных («физиологических») значениях рН в отсутствие тиолов эти катионы превращаются в результате гидролиза в анионы нитрита, тогда в присутствии тиолов - в S-нитрозотиолы. Именно последнее определяет цитотоксическое действие динитрозильных комплексов железа как доноров NO+ на живые организмы.",34.17. Биология / Биофизика
44,"Предложена модель оксигенации, основанная на уравнении Хилла, где одноименный коэффициент представляет собой функцию от парциального давления кислорода (концентрации лиганда). Показано, что уравнение Хилла с четырьмя параметрами хорошо аппроксимирует экспериментальную кривую диссоциации оксигемоглобина. Данные параметры, а также выводимые из них критерии оценки оксигенации позволяют охарактеризовать положение максимума кооперативности, а также границы минимальных и максимальных значений pO2 при котором значение коэффициента Хилла не выходит за установленный предел. Максимумы кооперативности для рассмотренных наборов экспериментальных данных лежат в области бо́льших парциальных давлений кислорода относительно значения p50. Модифицированное уравнение Хилла может быть использовано не только при анализе кислородсвязывающих свойств гемоглобина, но и при решении широкого круга задач, связанных с кооперативностью, в частности, при оценке кинетических кривых ферментативных реакций, различных зависимостях «доза-эффект», а также других приложений.",34.17. Биология / Биофизика
45,"Структурное моделирование уравнениями - это метод для анализа линейных взаимодействий между наблюдаемыми и латентными переменными, представленными в виде направленного причинно-следственного графа. Он является популярным инструментом в самых различных областях, от гуманитарных до естественно-научных. За последнее десятилетие данный метод стал особенно интересен в областях, находящихся на стыке с биологией. Однако зачастую в биологических данных нарушается распространенное предположение о независимости наблюдений, что необходимо учитывать на этапе построения математической модели. Кроме того, в такой задаче, как, например, полногеномный поиск ассоциаций, время оптимизации параметров модели является особенно критичным фактором. В данной работе предлагается новая модель метода, а также быстрый способ оценки ее параметров.",34. Биология
46,"Многие процессы в живой клетке включают в себя равновесное связывание лигандов (белков, биологически активных соединений и олигонуклеотидов) с нуклеиновыми кислотами. Модели и методы теории физической адсорбции позволяют количественно описать такое связывание в случае, когда лиганд занимает протяженный участок на ДНК и когда существуют кооперативные взаимодействия между адсорбированными молекулами лиганда. Применение модели Изинга позволяет построить решение уравнений адсорбции в самом общем виде, для широкого класса моделей. Физико-химические эксперименты в модельных системах in vitro, где присутствуют, с одной стороны, такие биологические макромолекулы как белки, сложные белковые комплексы, полимеры РНК и ДНК, а с другой - малые молекулы лигандов, позволили пролить свет на множество механизмов, лежащих в основании клеточных процессов. Диаграммы футпринтинга или данные, полученные на микрочипах, позволяют получить детальную информацию о системе, где происходит связывание лигандов с ДНК. Краткий обзор теоретических исследований в этой области содержится в данной работе. Описано, как можно использовать расчеты энтропии адсорбционной системы, чтобы представить происходящие в ней процессы кооперативного связывания. В приложении дана методика анализа связывания на микрочипах.",31.15. Химия / Физическая химия
47,"Установлено, что при действии УФ-излучения в дозах 453-6040 Дж/м2 наблюдается снижение каталитической активности папаина. Иммобилизация на матрице хитозана приводит к повышению стабильности молекул папаина по отношению к УФ-облучению в диапазоне доз от 151 до 6040 Дж/м2 по сравнению со свободным ферментом. Модификации в ИК-спектрах иммобилизованного папаина практически не затрагивают полосы, обусловленные белковым компонентом системы - амид I, амид II и амид III. Поэтому можно постулировать, что матрица хитозана выступает в качестве фотопротектора для иммобилизованного на ней папаина. Полученные результаты могут быть полезны при разработке путей комплексного применения УФ-излучения, папаина и производных хитозана для сокращения сроков заживления кожных покровов, а также при подборе условий стерилизации УФ-светом лекарственных препаратов, содержащих папаин.",34. Биология
48,"Представлено развитие концепции о роли хиральности в структурообразовании биомакромолекул на примере корреляций во взаимосвязи между хиральной формой лекарственного средства и ее биоактивностью. Выяснение природы хирально-иерархической структуры биомакромолекул-мишеней и симметрийной структуры лекарственных препаратов направлено на установление возможной системности хиральных соответствий лекарств и мишеней. Стереоспецифичность взаимодействия лекарства и молекулы-мишени важно учитывать при создании лекарственных препаратов, так как одна хиральная форма лекарственного препарата может обладать терапевтическим эффектом, а другая не усваиваться, быть менее активной или даже вызывать серьезные осложнения, являться токсичной. Обсуждается биоактивность хиральных лекарств и высказываются предположения о возможной взаимосвязи между знаком хиральной формы лекарственного препарата и его воздействием на конкретную хиральную молекулярную мишень.",02. Философия
49,"Рассмотрены эффекты двух типов симметрии для линейных полимеров: пространственной симметрии относительно трансляций и вращения макромолекулы как целого в однородной вязкой среде и симметрии относительно перестановки в цепи одинаковых мономерных звеньев (или одинаковых по химическому строению участков полимерной цепи). Показано, что в однородной вязкой среде для макромолекулы с жесткими связями при релаксационном фолдинге выполняется закон сохранения - сумма векторов поворотов по торсионных углам равна нулю. Симметрия относительно перестановок в полимерной цепи одинаковых мономерных звеньев при определенных условиях приводит к образованию энергетических воронок, удовлетворяющих принципу минимальной фрустрации, которые соответствуют спиральным или мультиспиральным пространственным структурам. При этом имеется самая глубокая центральная воронка и менее глубокие сателлитные воронки, отделенные друг от друга энергетическими барьерами. Такая топография энергетической воронки соответствует целому ряду эффектов, которые наблюдаются в кинетике фолдинга белков (вулканообразный профиль поверхности свободной энергии, чувствительность рефолдинга белков к способу денатурации и др.). При вычислении топографии поверхности свободной энергии возникает параметр характеристической температуры T0, который определяется как выигрыш в энергии при сворачивании цепи в расчете на одну конформационную степень свободы. Показано, что при температуре T > 0.26T0 происходит разрушение пространственной структуры свернутого полимера. Параметр T0 и температура денатурации в рассматриваемой системе возникают из базовых математических принципов устройства энергетических ландшафтов в конфигурационном пространстве торсионных углов с топологией многомерного тора и соображений симметрии относительно перестановки одинаковых мономерных звеньев. Например, при температурах денатурации биополимеров порядка 60°С это соотношение приводит к оценке энергии невалентных связей мономеров порядка 2.5 ккал/моль, приходящихся на одну конформационную степень свободы, что очень похоже на водородные связи в водной среде. Два типа обсуждаемых симметрий и их влияние на динамику макромолекул и топографию энергетических ландшафтов линейных полимеров при определенных условиях могут действовать совместно. Возникающие при этом эффекты могут оказаться интересными с точки зрения добиологической физико-химической эволюции макромолекул в направлении формирования пула линейных полимеров с уникальными пространственными структурами.",34. Биология
50,"Метод ЭПР находит широкое применение в биофизике фотосинтеза, поскольку он служит эффективным инструментом для изучения процессов электронного и протонного транспорта в различных фотосинтетических системах. Работа посвящена исследованию регуляции электронного транспорта в хлоропластах методом ЭПР, выполненному при непосредственном участии авторов. Показаны возможности использования метода ЭПР для изучения кинетики переноса электронов в хлоропластах высших растений in situ (листья высших растений) при комнатных температурах и рассмотрены спектры ЭПР хлоропластов при криогенных температурах. Последнее имеет особое значение для обоснования используемого нами «кинетического» метода измерения рН внутри тилакоидов.",34.17. Биология / Биофизика
51,Рассмотрены основные механизмы возникновения полос термолюминесценции фотосинтетических объектов в интервале температур от -20 до 80 С. Приведены примеры использования метода термолюминесценции для диагностики функционального состояния фотосинтетического аппарата растений.,34.17. Биология / Биофизика
52,"Обсуждаются механизмы инактивации планктонных культур бактерий Salmonella typhimurium и Staphylococcus aureus при возбуждении сенсибилизаторов мощными импульсами лазерного излучения длительностью 10 нс. Показано, что в зависимости от типа сенсибилизаторов и характера их взаимодействия с бактериями в растворах имеют место фотодинамическая инактивация активными формами кислорода и локальная гипертермия клеток. При высокой плотности мощности возбуждающего излучения (выше 10 МВт/см2) доминирующим механизмом повреждения бактерий становится деструкция клеток ударными акустическими волнами, возникающими в результате быстрого локального нагрева среды при трансформации сенсибилизаторами световой энергии в тепловую.",34. Биология
53,"Стохастическая экспрессия генов может иметь важные последствия для судьбы как каждой конкретной клетки, так и клеточной популяции в целом. В данной работе мы демонстрируем значительную вариабельность экспрессии p53, вплоть до полного ее отсутствия, в клетках первичных глиобластом человека, чего не наблюдается в клетках нормальных фибробластов ФЛЭЧ и перевиваемых опухолевых линий, таких как HeLa и HT1080. При этом вариабельность экспрессии p53 в клетках, зависит от густоты посева. Показываем, что при подавлении транскрипции актиномицином Д или нокдауне гена p53 РНК-интерференцией восстановление его уровня экспрессии в клетках проходит стохастически.",34. Биология
54,"Обладая высокой биосовместимостью с клетками организма в силу состава из мембранобразующих липидов, липосомы могут быть использованы в качестве эффективного средства адресной доставки лекарственных препаратов при лечении заболеваний различной этиологии. Взаимодействие липосом с клетками-мишенями может принимать разные формы: адсорбция (прикрепление) на клеточной поверхности, эндоцитоз, слияние липосом с мембранами клеток. Внедрение в липосомы компонентов для активного управления внешним магнитным полем в виде магнитовосприимчивых наночастиц позволяет многократно повысить эффективность и скорость доставки лекарственных препаратов. Нами были получены липосомальные наночастицы, содержащие наночастицы магнетита. Для создания магнитоуправляемых липосом были использованы полученные в нашей лаборатории наночастицы магнетита диаметром 4.2 ± 1.2 нм. Поверхность синтезированных частиц магнетита покрывали молекулами цетилтриметиламмония бромида, после чего включали магнетит в состав липосом из фосфатидилхолина. Количественную оценку интегрированных в липидный бислой липосом магнитовосприимчивых наночастиц проводили спектральными методами и методом просвечивающей электронной микроскопии. В ходе проведенных исследований показано, что модификация наноструктурированного магнетита цетилтриметиламмония бромидом повышает эффективность внедрения наночастиц магнетита в липидный бислой на 31.6%.",34. Биология
55,"Биосенсоры на основе электроформованных мембран имеют ряд преимуществ перед традиционными биосенсорами, в которых рецепторный слой иммобилизован на плоском носителе. Развитая поверхность электроформованной мембраны позволяет увеличить количество сайтов связывания аналита, но не препятствует использованию классических методов детекции, например, электрохимических. В работе изучена способность электроформованных мембран из нейлона-6 адсорбировать антитела класса IgG. Показано, что при концентрации антител 2.5-10 мкг/мл связывающая способность мембран имеет порядок ~100 мкг/г, а доля антител, адсорбированных из раствора, составляет 40-45%. Методом конфокальной лазерной сканирующей микроскопии показано, что адсорбированные антитела более эффективно вымываются с внешних слоев мембраны, чем с внутренних. Методика измерения связывающей способности мембран, описанная в данной работе, может быть полезна для разработки иммуносенсоров.",34. Биология
56,"Исследованы параметры управления разделением клеток эритроцитов и лимфоцитов, и показана возможность быстрого (минуты) разделения клеток крови на фракции в поле стоячей ультразвуковой волны. Выделено семь основных параметров управления, связанных: с энергией поля стоячей ультразвуковой волны, с линейной скоростью прокачки суспензии клеток, геометрическими размерами клеток, соотношением плотностей клеток и сред суспендирования, соотношением скоростей ультразвука в материале клеток и средах суспендирования. Показано, что при условии эффективного термостатирования камер ультразвуковых систем разделения и концентрирования с суспензией клеток возможно резкое (более чем на порядок) сокращение времени разделения и концентрирования клеток не только разного вида, но и близких по размерам одинаковых клеток, выделенных из крови разных видов животных.",29.37. Физика / Акустика
57,"Проведено сравнительное исследование генотоксической активности медицинского озона и пероксида водорода в отношении нормальных лейкоцитов периферической крови лабораторных мышей линии Kv:SHK и клеток аденокарциномы молочной железы человека линии MDA-MB-231 in vitro. На основе данных, полученных методом ДНК-комет, определен интервал от минимальной концентрации, вызывающей повреждение ДНК опухолевых клеток, до минимальной генотоксической концентрации для нормальных клеток крови в пределах от 0.2 до 0.4 мг/л для озона в озоно-кислородной смеси и от 0.1 до 3.0 мкМ для пероксида водорода. В установленных диапазонах озон по сравнению с пероксидом водорода проявляет меньшую генотоксическую активность в отношении клеток аденокарциномы молочной железы. При комбинировании озона с концентрацией 0.4 мг/л в озоно-кислородной смеси с цитостатическим препаратом гемцитабином наблюдалось потенцирование генотоксического эффекта цитостатика: повреждающие действие цитостатика на ДНК клеток увеличилось более чем в два раза. Предполагается, что усиление генотоксического эффекта гемцитабина в комбинации с озоном связано с интенсификацией инкорпорирования в структуру ДНК его основных метаболитов в результате стимулирования процессов репарации ДНК.",34. Биология
58,"Исследована проблема мионевральной передачи амфибий (озерной лягушки) в бескальциевой среде. Известно, что для инициации выхода нейромедиатора в синаптическую щель необходима активация потенциал-зависимых кальциевых каналов. В начальных экспериментов была воссоздана описанная многими авторами картина угнетения вызванных постсинаптических ответов вплоть до их полного исчезновения в бескальциевой внешней среде. В экспериментах после замены перфузионного раствора Рингера с нормальным ионным содержанием Са2+ на бескальциевый, но с эквимолярным содержанием Ba2+ амплитуда токов концевой пластинки упала более чем в десять раз, но сохранялась в течение всего времени наблюдения - более 1 ч. Далее для чистоты эксперимента был использован кофеин - миметик выброса содержимого рианодин-чувствительных кальциевых депо. После подачи (и отмывки) 100 мкМ кофеина вызванные ответы в исключительно бариевой среде возобновлялись (в особой специфической сверхзатянутой неровной форме) только в условиях продления потенциала действия нервного окончания путем аппликации 4-аминопиридина в концентрации 100 мкМ, причем всего лишь в несколько первых минут. В дальнейшем вызванные токи вновь прекращались, наблюдались лишь «вспышки» миниатюрных постсинаптических токов в ответ на каждую стимуляцию. Таким образом, подтверждена принципиальная возможность инициированной ионами бария нервно-мышечной передачи, хотя и в весьма специфических экспериментальных условиях.",34. Биология
59,"Проанализировано действие такой стабилизированной формы NO, как динитрозильные комплексы железа с лигандом на основе N-ацетил-L-цистеина, при сублингвальном введении данного соединения в организм крыс. Методом ЭПР установлено, что в результате его введения в ткани печени регистрируется образование и накопление комплексов динитрозильные комплексы железа с белковыми лигандами. Кроме того, в результате действия динитрозильных комплексов железа с N-ацетил-L-цистеином регистрируется достоверное увеличение общего уровня NO в ткани сердца и печени, причем наиболее существенный эффект установлен для печени животного.",34.17. Биология / Биофизика
60,"Предложена новая расчетно-экспериментальная методика оценки устойчивости колебательных процессов в системе регионарного кровообращения, основанная на анализе флуктуаций показателей микроциркуляции крови симметричных областей верхних конечностей человека. Синхронные измерения показателей микроциркуляции симметричных областей верхних конечностей проведены у пяти здоровых добровольцев методом лазерной допплеровской флоуметрии. Датчики фиксировали на наружной поверхности симметричных областей нижних частей правого и левого плеча в точках, расположенных на 3 см выше локтевого сгиба. Представлены регрессионные уравнения, описывающие взаимосвязи между синхронными изменениями показателей микроциркуляции симметричных областей верхних конечностей и их исходными значениями левой и правой сторон измерения. Установлено, что изменения амплитуд флуктуаций микрокровотока симметричных областей верхних конечностей зависят от исходных значений этих показателей не только одноименной, но и противоположной стороны наблюдения. Показано, что изменения показателей микроциркуляции коррелируют отрицательно с мгновенными значениями перфузии той же стороны измерения и положительно с мгновенными значениями перфузии противоположной стороны измерения. Рассчитаны диапазоны числовых значений параметров модели, при которых имеют место устойчивые режимы функционирования системы регионарного кровообращения. Результаты исследований могут найти применение в медицинской практике, так как модель позволяет оценивать состояние системы регионарного кровообращения у пациента и прогнозировать вероятности перехода этой системы в патологические режимы и критические состояния.",34. Биология
61,"В экспериментах in vitro на полоске диафрагмальной мышцы мыши методом изометрической электростимуляционной механомиографии выявлена роль синаптической модуляции в процессах адаптации двигательной единицы к аллергии. Различия в сократительной активности мышцы под влиянием экзогенной АТФ у интактных и сенсибилизированных яичным альбумином животных демонстрируют участие пуринергических механизмов в развитии приспособительных изменений. В процессе сенсибилизации взаимодействие АТФ-зависимых механизмов как пост-, так и пресинаптической мембраны обеспечивает адекватную перестройку сократительной функции дыхательных мышц к бронхоконстрикции.",34. Биология
62,"Сопоставлены моменты кратковременной нормотермии в период зимней спячки между ежами, находящимися в Московской области, и сусликами в Якутске. Метод наложенных эпох показал, что несмотря на расстояние между местами наблюдений примерно в 5000 км и систематическую удаленность животных, между моментами восстановления температуры тела ежей и сусликов наблюдается связь: максимальное число кратковременных восстановлений температуры тела у ежей наблюдается в те же дни, когда пробуждаются суслики. Во внутрисуточной динамике пробуждений установлен четырехчасовой биоритм: максимальное число эпизодов начала восстановления температуры тела как у ежей, так и у сусликов регистрируется по местному солнечному времени в интервалы времени 0-1, 4-5, 8-9, 12-13, 16-17 и 20-21 ч. Показана связь моментов восстановления температуры тела с интенсивностью флуктуаций вторичного космического излучения, регистрируемого нейтронным монитором. С выраженностью флуктуаций нейтронного счета коррелирует и интенсивность шумов кремниевого транзистора и температурных датчиков, которые имеют малые размеры, чтобы на них непосредственно влияли крайне низкие вариации космических лучей. Мы полагаем, что величина флуктуаций скорости счета нейтронного монитора является только маркером пока невыявленного биотропного агента.",34. Биология
63,"Электрохимическим методом мультисенсорной инверсионной вольтамперометрии изучена возможность определения препаратов «Луцентис» и «Эйлеа», препятствующих новообразованию сосудов. Показано, что метод пригоден для определения указанных препаратов. Рассмотрена динамика изменения их концентрации. Таким образом, расширен ряд органических веществ, которые определяются данным методом.",34.17. Биология / Биофизика
64,"С использованием модели холангиоцеллюлярной карциномы РС-1 на крысах линии Sprague Dawley исследовано действие фотобиомодуляции фиолетово-синим светом (λ1 = 400 ± 20 нм, 4,6 Дж/см2; λ2 = 460 ± 20 нм, 3,2 Дж/см2) на опухолевый рост и параметры свободнорадикальных процессов в организме-опухоленосителе. Показано, что эффективность транскутанного воздействия электромагнитного излучения со спектральными максимумами 400 нм на кровь и 460 нм на опухоль ранних сроков роста зависит от индивидуальных особенностей организма, а именно, от исходного уровня ориентировочно-исследовательской активности лабораторных животных в тесте «открытое поле» и прооксидантно-антиоксидантного баланса в организме опухоленосителей. Обнаружено, что воздействие озонированного изотонического 0.9% раствора хлорида натрия с концентрацией озона в озоно-кислородной смеси 400 мкг/л модулирует действие излучения оптического диапазона, в значительной степени изменяя динамику опухолевого роста.",34. Биология
65,"Исследовано упругое равновесие трансверсально-изотропных тел вращения, находящихся под действием стационарных поверхностных сил, распределенных по циклическому закону. Предложенная методика построения напряженно-деформированного состояния представляет собой развитие метода граничных состояний. Основа метода --- понятия пространств внутренних и граничных состояний, сопряженных изоморфизмом. Формируются базисы пространств состояний и осуществляется их ортонормирование. Искомое состояние раскладывается в ряд по элементам ортонормированного базиса, вычисляются коэффициенты Фурье этой линейной комбинации. Коэффициенты Фурье представляют собой квадратуры. Базис пространства внутренних состояний формируется на основе общего решения задачи о плоской деформации трансверсально-изотропного тела и формул перехода к пространственному состоянию, компоненты которого зависят от трех координат. Скалярные произведения в пространствах состояний представляют собой внутреннюю энергию упругого деформирования и работу поверхностных сил на перемещениях точек границы. Приведено решение основной смешанной задачи для кругового цилиндра из трансверсально-изотропного алевролита с осью анизотропии, совпадающей с геометрической осью симметрии. Решение является аналитическим, и характеристики напряженно-деформированного состояния имеют полиномиальный вид. Представлены явные и косвенные признаки сходимости решения задач и графическая визуализация результатов",30. Механика
66,"Приведен сравнительный анализ RANS-моделей турбулентности (модели Ментера, Спаларта --- Аллмараса, Секундова) и недавно предложенной двужидкостной модели с использованием численного моделирования осесимметричной затопленной струи. Сравнение моделей выполнено сопоставлением полученных численных результатов с экспериментальными данными и с использованием результатов анализа их численной реализации. Для всех моделей применен одинаковый численный алгоритм. Для облегчения исследования свободной струи рассмотрены 'параболизованные' гидродинамические уравнения, для численной реализации которых использован 'маршевый' метод интегрирования. Применена абсолютно устойчивая неявная конечно-разностная схема. Показано, что разработанная двужидкостная модель имеет преимущества по сравнению с другими моделями как по точности, так и по простоте численной реализации",27. Математика
67,"Представлены результаты теоретико-экспериментального анализа параллельной универсальной многосеточной технологии --- вычислительного алгоритма, предназначенного для численного решения (начально-)краевых задач для уравнений математической физики в комплексах программ, устроенных по принципу 'черного ящика'. Цель работы --- создание универсального, эффективного и крупнозернистого алгоритма для решения широкого класса нелинейных прикладных задач. Приведено описание алгебраического и геометрического параллелизмов универсальной многосеточной технологии и многосеточного цикла для решения нелинейных задач. Технология ОреnМР использована для реализации параллельной универсальной многосеточной технологии. Вычислительные эксперименты, связанные с решением задачи Дирихле для уравнения Пуассона в единичном кубе, выполнены на персональном компьютере с использованием 3, 9 и 27 нитей (p = 3, 9, 27) и на многопроцессорной вычислительной системе с общей памятью с использованием 27 нитей (p = 27). Наивысшая достигнутая эффективность параллельной универсальной многосеточной технологии составляет E ≈ 0,95 при N > 106, p = 3 и E ≈ 0,80 при N > 107, p = 27. Показано, что определяющим фактором, влияющим на эффективность параллельной универсальной многосеточной технологии, является ограниченная производительность памяти многоядерных вычислительных систем. Выполнен теоретический анализ трудоемкости последовательной итерации V-цикла и параллельной итерации универсальной многосеточной технологии. Показано, что параллельная итерация универсальной многосеточной технологии, реализованная на 27 нитях, будет исполнена в несколько раз быстрее, чем последовательная итерация V-цикла",00. Общественные науки в целом
68,"Обсуждается возможность существования высокочастотных гравитационных волн реликтового происхождения, для регистрации которых необходима разработка специализированных гравитационных антенн. Для этого предложено применять лазерные гравитационные антенны, основанные на явлении низкочастотного оптического резонанса. Выполнен расчет чувствительности интерферометра Фабри --- Перо, использующего явление низкочастотного оптического резонанса. Получены формулы, описывающие прошедшее интерферометр Фабри --- Перо излучение и спектральную плотность отклика на воздействие гравитационной волны. Показана возможность регистрации реликтовых гравитационных волн в высокочастотной части спектра и выполнена оценка предельной чувствительности лазерной гравитационной антенны. Установлено, что основным фактором, ограничивающим чувствительность лазерной гравитационной антенны, является фотонный шум. Для уменьшения вклада фотонного шума предложено существенно снизить мощность прошедшего интерферометр Фабри --- Перо лазерного излучения, что удается достичь при использовании низкочастотного оптического резонанса. Проведена оценка необходимой мощности прошедшего интерферометр излучения для достижения предельной чувствительности лазерной гравитационной антенны. Выполненное математическое моделирование подтвердило наличие низкочастотного оптического резонанса в высокочастотной части спектра излучения, прошедшего интерферометр Фабри --- Перо. Установлено, что в области высоких частот резонансный отклик на 2 порядка превышает нерезонансное воздействие на интерферометр Фабри --- Перо",29.31. Физика / Оптика
69,"Важным этапом в создании и использовании новых структурно-чувствительных материалов является построение математических моделей, позволяющих описать их поведение в широком диапазоне изменения внешних воздействий. Моделирование нелокальных сред представляет собой класс методов обобщенной механики сплошной среды. Возможности анализа математических моделей непрерывной среды могут быть расширены вследствие применения вариационных методов. Описано построение функционала для задачи стационарной теплопроводности в однородном теле с учетом эффектов нелокальности и независящего от температуры коэффициента теплопроводности. Использование вариационной формулировки в случае линейной задачи в сочетании с приемлемыми допустимыми функциями позволило количественно оценить влияние этого эффекта. Приведен пример использования предложенной вариационной формулировки, учитывающей влияние пространственной нелокальности процесса стационарной теплопроводности на параметры, которые определяют известное явление теплового взрыва при экспоненциальной зависимости от температуры объемной мощности тепловыделения в пластине. Количественный анализ выполнен для двух вариантов функции, допустимой для построенного интегрального функционала и описывающей возможное распределение температуры по толщине рассматриваемой пластины. Сравнение полученных результатов позволяет отдать предпочтение той допустимой функции, использование которой приводит к меньшему отличию максимального значения параметра, характеризующего интенсивность тепловыделения в пластине, от известного результата, найденного без учета влияния пространственной нелокальности",00. Общественные науки в целом
70,"В статье сделан акцент на попытке описать эффект чередования температур плавления в гомологических рядах на примере температур плавления алканов нормального строения из системы отсчета концепции вращательного движения молекул в жидкости. В существующей литературе наличие отдельных последовательностей температур плавления четных и нечетных гомологов обычно объясняют эффектами упаковки, при которых из-за разной симметрии четные и нечетные представители кристаллизуются с разной плотностью кристаллической решетки. Однако такое поведение можно объяснить и различием энтропий вращательного движения молекул в жидкой фазе, которое наблюдается из-за разного положения оси вращения для четных и нечетных гомологов. Теоретически предсказанная разница моментов инерции для молекул с четным и нечетным числом атомов углерода в цепи была подтверждена путем расчета моментов инерции молекул н-алканов, для которых координаты атомов были оптимизированы с использованием расчетов по теории функционала плотности. Пожалуйста, цитируйте эту статью как:",31.15. Химия / Физическая химия
71,"Рассмотрена самопроизвольная перегруппировка (дисмутация) дихлорангидридов фосфористой кислоты (арилдихлорфосфитов) в хлорангидриды (диарилхлорфосфиты) с отделением треххлористого фосфора. Исходные вещества имели в составе в качестве ароматических радикалов фенил, 1- и 2-нафтолы. Выявлены основные закономерности дисмутации арилдихлорфосфитов и определены базовые факторы, оказывающие влияние на время процесса. Проведено сравнение параметров дисмутации арилдихлорфосфитов с выявленными ранее закономерностями для аналогичного процесса с участием диамидоэфиров фосфористой кислоты, содержащих фенильный и нафтильные заместители в качестве эфирного компонента. Осуществлены расчеты термодинамических функций состояния (стандартных энтальпий образования ΔfH0298 и энтропий S0298 для участников дисмутации, рассчитаны стандартные значения энергии Гиббса реакций ΔrG0298. Расчеты проведены без учета влияния растворителя и для случая стандартных условий, как и на аналогичных системах --- диамидоэфирах фосфористой кислоты. На основании расчетов показана термодинамическая возможность осуществления дисмутации арилдихлорфосфитов при сравнительно низких значениях температуры. Использование полуэмпирического метода расчета (RM1) позволило установить наиболее низкоэнергетические конформации образующихся в результате дисмутации диарилхлорфосфитов и показать их принципиальное различие",31.21. Химия / Органическая химия
72,"Интерес к промышленному производству биомассы растений и микроводорослей для биотоплива и биопродуктов стимулировал исследования физиологии микроводорослей и механизмов синтеза и накопления ценных биомолекул в клетках водорослей. Одними из наиболее изученных биомолекул для коммерческого применения являются нейтральные липиды и каротиноиды. Однако до сих пор недостаточно изучен механизм влияния различных факторов внешней среды, в том числе применения индукторов, на биосинтез и накопление этих молекул. Отчасти отсутствие таких знаний связано с ограниченностью техники исследования. Рамановская спектроскопия — один из передовых методов исследования физиологии клеток, который может заполнить некоторые пробелы в нашем понимании таких процессов. Современные методы, используемые в представленных работах, показывают преимущества и другие существенные особенности метода применительно к растениям (главным образом, микроводорослям) и другим видам/объектам. Установлено, что использование субстрата позволяет усилить сигнал КР при разбавлении пробы в 105—106 раз, при концентрации вещества 10—9 моль/л. В условиях SERS (т. е. при смешивании коллоидов серебра с образцом крови) появляются маркеры гем, в то время как в нормальных условиях комбинационного рассеяния усиление резонанса позволяет непосредственно наблюдать особенности β-каротина. Это подчеркивает универсальность рамановского метода и перспективы для биологии и клинической химии.",34. Биология
73,"Было исследовано влияние термической и химической модификации на каталитическую активность иллит-каолинитовой глины (полученной из Букиттингги, Западная Суматра) при переэтерификации пальмового масла. Характеристика с помощью XRD, XRF и FTIR показала небольшое изменение в составе кристаллической фазы и молярном соотношении Si/Al после прокаливания такой глины при 450°C. Рентгенофазовые измерения также подтверждают, что после обработки двумя солями никеля природная глина поглощает больше сульфата никеля, чем нитрата, а температура играет важную роль в увеличении производительности глины при загрузке никеля примерно в 2 раза больше при более высокой температуре. Все материалы на основе глины, приготовленные в этом исследовании, были проверены на их каталитическую активность и селективность в переэтерификации пальмового масла с получением метилового эфира жирной кислоты (МЭЖК) с использованием ранее описанной процедуры. Было обнаружено, что химическая модификация образцов глины сульфатом и нитратом никеля повышает каталитическую эффективность глины в производстве МЭЖК с 38 до примерно 60 %, в то время как термическая обработка при 450 °C дает несколько более высокие характеристики до примерно 67 %. С точки зрения селективности все катализаторы на основе глины в этом исследовании давали почти одинаковое количество насыщенных и ненасыщенных МЭЖК.",02. Философия
74,"В работе получены коэрцитивные априорные оценки решений краевой задачи типа задачи Дирихле в полосе для одного вырождающегося эллиптического уравнения высокого порядка, а также доказана теорема существования и единственности решения таких задач. Уравнение содержит весовые операторы, представляющие собой суперпозицию оператора умножения на функцию, которая обращается в нуль на границе, и оператора дифференцирования. На границе рассматриваются условия типа условий Дирихле. Оценки получены в специальных весовых пространствах типа пространств С. Л. Соболева.",27. Математика
75,В данной работе рассматривается уравнение Лакшманана-Порсезиана-Даниэля (ЛПД). Это уравнение интегрируемо и допускает пару Лакса. Уравнение LPD является обобщением нелинейного уравнения Шредингера (NLS) и описывается системой Абловица-Каупа-Ньюэлла-Сегура (AKNS). С помощью метода синус-косинуса и метода гиперболического тангенса получен ряд новых точных решений. Эти методы являются эффективным средством поиска точных решений нелинейных дифференциальных уравнений в частных производных в математической физике. Полученные решения оказались важными для объяснения некоторых практических физических задач.,27. Математика
76,"В работе рассматриваются функции распределения расстояния между двумя независимыми и равномерно распределенными случайными точками, а также длины хорды в ограниченном выпуклом домене D. Используя ряд известных фактов, выводится явный вид функций распределения длины хорды и плотности для ограниченных выпуклых доменов с гладкой границей, а также явный вид функции плотности расстояния между двумя точками.",00. Общественные науки в целом
77,"В работе исследуется задача о динамике мерзлого грунта при изменении внешней температуры на границе рассматриваемой физической области. Согласно общепринятой схеме, независимо предложенной Р. Барриджем и Дж. Келлером и Э. Санчес-Паленсией в 1980 году, в первую очередь формулируется микроскопическая математическая модель, описывающая физический процесс на микроскопическом уровне уравнениями классической механики Ньютона сплошных сред. Естественным малым параметром здесь является средний безразмерный диаметр пор твердого скелета грунта. В этой модели изменение температуры среды регулируется задачей Стефана, а динамика жидкости в порах абсолютно твердого скелета грунта подчинена уравнениям Стокса для вязкой несжимаемой жидкости. Вторым и основным моментом метода является вывод макроскопических уравнений физического процесса, получающихся предельным переходом при стремлении малого параметра к нулю (усреднении). Целью настоящей работы является вывод макроскопических уравнений (усреднение), описывающих динамику мерзлого грунта, с помощью метода двух-масштабного разложения.",27. Математика
78,"В цилиндре Q, основание которого ограничено ляпуновской поверхностью, рассматривается параболическое уравнение второго порядка, вырождающееся по касательным направлениям к границе основания. Для решений этого уравнения по аналогии с эллиптическим случаем вводится класс Hp. Установлен критерий принадлежности функций этому классу. Приводятся условия однозначной разрешимости задачи с граничными и начальными условиями, понимаемыми в смысле Lp.",27. Математика
79,"Рассмотрена система n уравнений Эйлера - Пуассона - Дарбу в матричной записи, матрица-коэффициент которой имеет одно собственное значение кратности n или пару комплексно-сопряженных собственных значений кратности n/2 с действительной частью из интервала (1/2, 1). Вследствие сингулярности на нехарактеристической линии Задача Коши в классической постановке для этой системы является некорректной. Сформулирован аналог задачи Коши с весом, компенсирующим эту особенность. Путем замены переменных матричный коэффициент системы приведен к нормальной жордановой форме, представляющей собой одну жорданову клетку для случая действительных собственных значений и вещественный аналог жордановой клетки порядка n для случая комплексно-сопряженных собственных значений. Методом Римана с использованием аппарата функций от матрицы получены решения поставленной задачи и сформулированы теоремы корректности.",27. Математика
80,"Методом самораспространяющегося высокотемпературного синтеза получены нанокристаллы твердых растворов ZnSxSe1-x. Полученная шихта представляет собой объединение нанокристаллов и поликристаллов. Поликристаллы образуются из-за высокой температуры реакции и невозможности мгновенного отведения тепла. Присутствует нелинейная зависимость заложенной шихты до синтеза и полученного после синтеза порошка. Рассчитаны размеры нанокристаллов ZnSxSe1-x методом Дебая - Шеррера. Максимальные размеры составили для сульфида и селенида цинка 80 ± 5 нм и для всех остальных составов 60 ± 5 нм. Полученные нами степени микронапряжения и плотности дислокаций в нанокристаллах ZnSxSe1-x характерны для однородных составов с высоким совершенством кристаллической структуры. Нанокристаллы для всех параметров x характеризуются присутствием гексагональной и кубической фазы. При уменьшении параметра x в нанокристаллах твердых растворов ZnSxSe1-x доля кубической фазы возрастает. Локальное окружение примесных ионов Mn2+ зависит от состава твердого раствора. В ZnSxSe1-x состава 0.4 ≤ x ≤ 1 ионы Mn2+ окружены ионами серы с константой сверхтонкой структуры A = 6.88÷6.91 мТл, а в составах с x ≤ 0.2 ионы Mn2+ находятся в окружении ионов селена с константой сверхтонкой структуры = 6.55 мТл. В неосвещенных нанокристаллах ZnSxSe1-x составов 0.8 ≤ x ≤ 1 присутствует одиночная линия электронного парамагнитного резонанса (ЭПР) ионов Cr+ с фактором g = 1.9998.",29. Физика
81,"Экспериментально исследован фотогальванический эффект в симметричной, без ориентирующих покрытий, нематической ячейке с азокрасителем метиловым красным. Показано, что без внешнего электрического поля, под действием света ячейка генерирует электрический ток (~ 10-8A/cm2), зависящий от спектра облучения, на два порядка больше тока нематической ячейки без красителя при тех же условиях облучения. Полярность фототока зависит от направления освещения ячейки. Анализ температурной зависимости фототока указывает на возможный активационный механизм переноса носителей заряда с энергией активации 0,7 - 2 эВ для разных толщин нематической ячейки. Предполагается, что имеют место, как минимум, два зарядовых процесса с характерными временами, различающимися на несколько порядков. Первый связывается с фотоэффектом в прозрачных электродах In2O3, тогда как, второй обусловлен пространственным разделением зарядов и носит диффузионный характер. Установлено влияние фазового перехода на фототок, как в ячейке с чистым нематиком, так и в нематических ячейках с метиловым красным, что обусловлено возникновением сильно рассеивающего переходного состояния жидкого кристалла.",29. Физика
82,"Представлены инструментарий и метод приведения к замкнутому виду последовательностей целых чисел, относящихся к классу факториал-производящих рекурсий. Определены признаки и свойства модифицированной факториал-производящей рекурсии одной и двух переменных. Наиболее известной факториал-производящей рекурсией двух переменных является последовательность чисел Стирлинга первого рода. Для синтеза аналитической модели рекурсии применяются модифицированные гипергармонические числа. Выявлены преимущества данных чисел для построения замкнутых форм факториал-производящих рекурсий. Синтезирована неполная замкнутая форма последовательности чисел Стирлинга первого рода.",27. Математика
83,"Рассмотрены основные виды алгоритмических закладок. Представлен способ построения асимметричных клептографических закладок в генераторе ключей RSA, позволяющий владельцу ключа закладки (разработчику или авторизованной спецслужбе) получать доступ к пользовательскому ключу, сгенерированному инфицированным алгоритмом. Сформулированы теоремы, иллюстрирующие работоспособность описанных алгоритмов, оценена вычислительная сложность этих алгоритмов. Продемонстрирована стойкость построенных закладок к некоторым классам атак даже при условии, что противник знает используемые методы и имеет доступ к исходному коду ключевого генератора.",27. Математика
84,"Рассматривается задача стегоанализа цифровых изображений. Предложен подход, предусматривающий разбиение входного изображения большого размера на небольшие неперекрывающиеся блоки и проведение последовательного стегоанализа этих блоков с помощью относительно простых свёрточных сетей с модифицированной архитектурой, включающей слои специальной обработки. После этого в ходе вторичной постобработки проводится объединение получаемой совокупности результатов классификации блоков как последовательности бинарных ответов по схеме наивного байесовского классификатора, в том числе, при необходимости, с учётом потенцильной заполняемости блоков. В качестве средств дополнительной специальной обработки изображений в свёрточных сетях предлагается использовать так называемые интегральные гетероассоциативные преобразования, обеспечивающие выделение на обрабатываемом блоке изображения оценочной и стохастической (маскирующей) составляющих на основе модели прогноза одной части блока по отношению к другой и направленные на выявление нарушения структурных и статистических свойств изображений после внедрения стегосообщения. Такие преобразования включаются в архитектуру обучаемых нейронных сетей в качестве дополнительного слоя. Рассмотрены альтернативные варианты архитектуры используемых глубоких нейронных сетей как с использованием слоя интегрального гетероассоциативного преобразования, так и без него. Исследования проведены для базы цветных изображений PPG-LIRMM-COLOR base и нескольких алгоритмов стегоскрытия, включая классические блочные и блочноспектральные алгоритмы Куттера, Коха - Жао, более современные алгоритмы EMD, MBEP и алгоритмы адаптивной пространственной стеганографии WOW и S-UNIWARD, обладающие высокой степенью скрытности для стегоанализа. Рассмотрены также разработанные авторами алгоритмы стегоскрытия данных, основанные на использовании гетероассоциативных сжимающих преобразований. Показано, что получаемая при реализации предложенных схем обработки информации точность стегоанализа для изображений большого размера при достаточно скромных вычислительных затратах сопоставима с результатами, полученными другими авторами, а в некоторых случаях и превосходит их.",00. Общественные науки в целом
85,"Доказано, что любую неконстантную булеву функцию от n переменных можно реализовать неизбыточной схемой из функциональных элементов в базисе {&, ⊕,¬}, допускающей при n ≥ 3 единичный проверяющий тест длины не более 6n - 10 относительно произвольных неисправностей элементов.",27. Математика
86,"Матрично-графовый подход применяется для оценки множества существенных и нелинейных переменных координатных функций произведения преобразований векторных пространств. Для существенных переменных оценки получаются с помощью умножения двоичных перемешивающих матриц (или орграфов) умножаемых преобразований, для нелинейных переменных - с помощью умножения троичных матриц нелинейности умножаемых преобразований или соответствующих им орграфов нелинейности, дуги которых помечены числами множества {0,1, 2}. Для степеней заданного преобразования область нетривиальных оценок ограничена: для множества существенных переменных - экспонентом перемешивающей матрицы (орграфа); для множества нелинейных переменных- 〈2〉-экспонентом матрицы (орграфа) нелинейности. Для класса преобразований двоичных регистров сдвига получена достижимая оценка 〈2〉-экспонентов, выраженная через длину регистра сдвига и множества номеров существенных и нелинейных переменных функции обратной связи. Для регистровых преобразований, орграф нелинейности которых имеет петлю, получена точная формула 〈2〉-экспонента. Результаты могут быть использованы для оценки характеристик нелинейности криптографических функций, построенных на основе итераций регистровых преобразований.",27.45. Математика / Комбинаторный анализ. Теория графов
87,"Имея список L(v) для каждой вершины v, мы говорим, что граф G является L-раскрашиваемым, если существует правильная раскраска вершин графа G, где каждая вершина v берет свой цвет из L(v). Граф однозначно раскрашивается k-списком, если существует назначение списка L такое, что |L(v) | = k для каждой вершины v, и граф имеет ровно одну L-раскраску с этими списками. Если граф G не является однозначно раскрашиваемым k-списком, мы также говорим, что G обладает свойством M(k). Наименьшее целое число k, для которого G обладает свойством M(k), называется m-числом группы G и обозначается m(G). В этой статье мы характеризуем единственную списочную раскрашиваемость графа G = Kn2 + Kr. В частности, мы определяем номер m(G) графа G = Kn2 + Kr.",27. Математика
88,"Проблема вхождения в конечно порождённую подгруппу (подполугруппу) для групп (полугрупп) является классической алгоритмической проблемой в алгебре, активно изучаемой многие десятилетия. Уже для достаточно простых групп и полугрупп эта проблема становится неразрешимой. Например, К. А. Михайлова в 1966 г. доказала неразрешимость проблемы вхождения в конечно порождённые подгруппы и, следовательно, подполугруппы для прямого произведения F2×F2 двух свободных групп ранга 2. Так как по известной теореме Санова группа F2 имеет точное представление целочисленными матрицами порядка 2, группа F2×F2 является подгруппой группы GL4(ℤ) целочисленных матриц порядка 4. Отсюда легко следует неразрешимость рассматриваемой проблемы для группы GLk(ℤ) при k ≥ 4. Неразрешимость проблемы вхождения в подполугруппы полугрупп целочисленных матриц порядка ≥ 3 следует из результата М. Патерсона 1970 г. В данной работе предлагается сильно генерический алгоритм, решающий проблему вхождения в подполугруппы полугрупп целочисленных матриц произвольного порядка для подмножества входов, последовательность относительных плотностей которого при увеличении размера экспоненциально быстро сходится к 1.",27. Математика
89,"Рассматривается задача построения синтаксических анализаторов по синтаксическим диаграммам с многовходовыми компонентами (СД). Предлагается основанный на алгоритме GLL алгоритм построения синтаксического анализатора, результатом работы которого является компактное преставление леса разбора входной цепочки. Предложенный алгоритм позволяет строить синтаксические анализаторы по СД произвольной структуры и не требует предварительных преобразований СД. Построенные синтаксические анализаторы могут применяться для анализа любых контекстно-свободных языков, включая недетерминированные и неоднозначные. Вводятся понятия «дерево вывода» и «лес разбора» для СД, описываются структуры данных, используемые анализатором, такие, как стек с графовой структурой, дескриптор синтаксического анализатора, компактное представление леса разбора. Описывается алгоритм построения синтаксических анализаторов по СД и приводится пример построения такого анализатора.",50. Автоматика. Вычислительная техника
90,"Наш главный вклад — эффективная реализация алгоритмов подсчета точек Годри — Шоста и Гэлбрейта — Рупрая на якобианах гиперэллиптических кривых. Оба они являются вариантами алгоритма Matsuo-Chao-Tsujii (MCT) Baby-Step, похожего на Giant-Step, с малым объемом памяти. Мы представляем оптимальное ограничение памяти (компромисс между временем и памятью), которое минимизирует время выполнения алгоритмов. Этот компромисс позволяет нам приблизиться в практических расчетах к теоретическим границам ожидаемого времени выполнения при 2,45√N и 2,38a√N для алгоритмов Годри-Шоста и Гэлбрейта-Рупрая соответственно. Здесь N - размер двумерного пространства поиска, который равен порядку группы Якоби, деленному на малый модуль m, предварительно вычисленный с использованием других методов. Наша реализация выигрывает от многопоточного режима, и мы предоставляем некоторую статистику производительности при работе с входными данными разного размера. Это первая параллельная реализация двумерного алгоритма Гэлбрейта-Рупрая с открытым исходным кодом.",27. Математика
91,"Описываются два метода построения максимальных гиперэллиптических кривых рода три над конечным полем, т. е. кривых, число точек на которых достигает верхнюю границу Хассе - Вейля - Серра. Рассматриваются кривые с уравнением y2 = x7 +ax4 +bx, допускающие декомпозицию на эллиптические кривые. В основе первого метода - построение пары суперсингулярных эллиптических кривых над простым полем, j-инвариант одной из которых равен 1728 или 0, а j-инвариант другой кривой также известен. По построенным эллиптическим кривым строится искомая максимальная гиперэллиптическая кривая над подходящим расширением простого поля. Этот метод не исчерпывает всех максимальных кривых, но даёт весьма эффективный алгоритм построения некоторых их семейств. Второй метод основан на факторизации многочленов Лежандра, которые представляют собой инварианты Хассе соответствующих эллиптических кривых в декомпозиции якобиана. Метод позволяет построить все возможные максимальные кривые для случая b = 1 и поля Fp2 , и мы применяем его для построения всех максимальных кривых для p 7151 и a = 0.",27.17. Математика / Алгебра
92,"В полном графе с вершинами 1,2,...,n вершины 2,3,...,n снабжены независимыми случайными метками, принимающими значения из конечного множества AN . Рассматривается совокупность всех цепей по s смежных рёбер, каждая из которых выходит из вершины 1 и не проходит через одну и ту же вершину дважды. Каждой цепи соответствует s-цепочка из случайных меток пройденных вершин. Рассматривается U-статистика Uk(s) с ядром, зависящим от k таких s-цепочек. Число k 2 считается фиксированным, а s 1 может меняться. Установлено, что достаточным условием асимптотической нормальности Uk(s) (при обычной стандартизации) является условие вида DUk(s) Cn2(ks' -1)+к, где C, к > 0.",27.43. Математика / Теория вероятностей и математическая статистика
93,"Необходимым требованием к системе шифрования является достаточно большой порядок группы, которая ассоциируется с шифром (то есть порождается подстановками шифра). В связи с этим представляет интерес величина р(п), оценивающая порядки циклических групп подстановок степени n, в том числе циклических групп, порождённых шифрующими подстановками. Известно, что порядок подстановки равен наименьшему общему кратному длин её циклов. Однако мало изучена функция р(п), принимающая значения, равные наибольшему порядку подстановки степени п. Показана монотонность функции р(п), получена двухсторонняя оценка её значений: IL(n) Р(п) [\/‘2(п 1^|!, где Щ n произ ведение всех первых (в порядке возрастания) простых чисел, сумма которых не больше n. Получена асимптотическая оценка нижней границы при больших n: д(п) > 224k!(1,665)k(lnk)(k-15)/2 при любом п > 1000 и k = |_^2n/ln п^.",27. Математика
94,"Предложен комбинированный подход к поиску булевых функций с высокой алгебраической иммунностью на основе эвристических методов, в частности генетического алгоритма и алгоритма Hill Climbing. Для булевых функций от n 8 переменных проведены вычислительные эксперименты, продемонстрировавшие эффективность предлагаемого подхода.",27. Математика
95,"Пусть п - перестановка n элементов, f - булева функция от n переменных. Рассмотрим векторную булеву функцию Fn : F? F? вида Fn(x) = (f(x), f(n(x)), ••• , f(nn-1(x))). Изучается компонентная алгебраическая иммунность функции Fn в зависимости от булевой функции f и перестановки п при n = 3, 4, 5. Получены полные множества булевых и частичные векторных булевых функций с максимальной алгебраической иммунностью от малого числа переменных.",27. Математика
96,"Бент-функции вида Fn Zq, где q 2 - натуральное число, называются обобщёнными бент-функциями. Обобщённые бент-функции, для которых можно определить дуальную бент-функцию, называются регулярными. Регулярная обобщённая бент-функция называется самодуальной, если она совпадает со своей дуальной. Получены необходимые и достаточные условия самодуальности обобщённых бент-функций из класса Елисеева - Мэйорана - МакФарланда. Представлен полный спектр расстояний Ли между данными функциями. Доказано несуществование аффинных самодуальных обобщённых бент-функций. Приведён класс изометричных отображений, сохраняющих самодуальность обобщённой бент-функции. С помощью данных отображений получена уточнённая классификация самодуальных бент-функций вида F.-J Z4.",27. Математика
97,"Рассматривается вероятность adp®(a, e,Y) преобразования разностей в функции XOR по модулю 2n, где a, e,Y G Эта величина используется при анализе примитивов с симметричным ключом, сочетающих XOR и сложение по модулю, например ARX-конструкций. Основное внимание уделяется характеристикам с максимальной вероятностью при одном фиксированном аргументе. Установлено, что maxadp®(a, в, Y) = adp®(0,Y, y), и доказано, что существуют ли-а,в бо две, либо восемь различных пар (a, в), для которых достигается вероятность adp®(0, y, y). Получены упрощенное представление величины adp®(0, y, y) и формула для min adp®(0, y, y).",27. Математика
98,"Получены улучшенные нижние и верхние оценки для числа корреляционно-иммунных порядка k и k-эластичных ((n, m, к)-устойчивых) двоичных отображений.",27. Математика
99,Рассмотрены способы построения дифференциально 25-равномерных подстановок на F22m для случая m 3. Предложенный подход излагается с использованием так называемого TU-представления функций и обобщает известный способ построения дифференциально 4-равномерных подстановок поля F22 m с применением подстановки обращения ненулевых элементов поля.,27.47. Математика / Математическая кибернетика
100,"Рассматривается множество разложений функции p-значной логики в произведение функций от непересекающихся множеств переменных при различных линейных преобразованиях аргументов. Каждому такому разложению соответствует разложение векторного пространства в прямую сумму подпространств. Приведены условия, при которых разложение определяется однозначно с точностью до перестановки подпространств между собой.",27. Математика
